{
  "project_info": {
    "project_number": "777331500532",
    "firebase_url": "https://zerocart-aca66-default-rtdb.firebaseio.com",
    "project_id": "zerocart-aca66",
    "storage_bucket": "zerocart-aca66.appspot.com"
  },
  "client": [
    {
      "client_info": {
        "mobilesdk_app_id": "1:777331500532:android:cf724008257821feab45a1",
        "android_client_info": {
          "package_name": "com.example.zerocart"
        }
      },
      "oauth_client": [
        {
          "client_id": "777331500532-r9o2qiesvv7nf6r6cm1tshgdpett6ui1.apps.googleusercontent.com",
          "client_type": 1,
          "android_info": {
            "package_name": "com.example.zerocart",
            "certificate_hash": "f51db91026eb0e7185caf82b315935a400611741"
          }
        },
        {
          "client_id": "777331500532-qv1elnrf5mukcm65t25b2pfvqvu2lv4h.apps.googleusercontent.com",
          "client_type": 3
        }
      ],
      "api_key": [
        {
          "current_key": "AIzaSyA-9rMBhZ7XlEZYUGh6VkwbCuVCxZUYMf4"
        }
      ],
      "services": {
        "appinvite_service": {
          "other_platform_oauth_client": [
            {
              "client_id": "777331500532-aajs6ttlgfmmb4gmdp5kdr95qm3bh9rh.apps.googleusercontent.com",
              "client_type": 3
            },
            {
              "client_id": "777331500532-btcqnldb6e4obnrjgjgkgqki40aft6qg.apps.googleusercontent.com",
              "client_type": 2,
              "ios_info": {
                "bundle_id": "com.example.zerocart"
              }
            }
          ]
        }
      }
    }
  ],
  "configuration_version": "1"
}